{
    "0": {
        "precision": 0.8666666666666667,
        "recall": 0.9176470588235294,
        "f1-score": 0.8914285714285715,
        "support": 85.0
    },
    "1": {
        "precision": 0.9603174603174603,
        "recall": 0.9603174603174603,
        "f1-score": 0.9603174603174603,
        "support": 126.0
    },
    "2": {
        "precision": 0.8,
        "recall": 0.896551724137931,
        "f1-score": 0.8455284552845529,
        "support": 116.0
    },
    "3": {
        "precision": 0.8780487804878049,
        "recall": 0.6728971962616822,
        "f1-score": 0.7619047619047619,
        "support": 107.0
    },
    "4": {
        "precision": 0.9081632653061225,
        "recall": 0.8090909090909091,
        "f1-score": 0.8557692307692307,
        "support": 110.0
    },
    "5": {
        "precision": 0.6448598130841121,
        "recall": 0.7931034482758621,
        "f1-score": 0.711340206185567,
        "support": 87.0
    },
    "6": {
        "precision": 0.8555555555555555,
        "recall": 0.8850574712643678,
        "f1-score": 0.8700564971751412,
        "support": 87.0
    },
    "7": {
        "precision": 0.8350515463917526,
        "recall": 0.8181818181818182,
        "f1-score": 0.826530612244898,
        "support": 99.0
    },
    "8": {
        "precision": 0.8524590163934426,
        "recall": 0.5842696629213483,
        "f1-score": 0.6933333333333334,
        "support": 89.0
    },
    "9": {
        "precision": 0.7226890756302521,
        "recall": 0.9148936170212766,
        "f1-score": 0.8075117370892019,
        "support": 94.0
    },
    "accuracy": 0.829,
    "macro avg": {
        "precision": 0.8323811179833169,
        "recall": 0.8252010366296185,
        "f1-score": 0.822372086573272,
        "support": 1000.0
    },
    "weighted avg": {
        "precision": 0.83832371109523,
        "recall": 0.829,
        "f1-score": 0.8275319680505399,
        "support": 1000.0
    }
}