{
    "noise_aware": {
        "4": {
            "clean": {
                "mean": {
                    "accuracy": 0.415,
                    "kappa": 0.3480714553186242,
                    "mcc": 0.3768591837330222,
                    "top3_acc": 0.6675,
                    "auroc": 0.7697893810964348,
                    "logloss": 1.8901266423370948
                },
                "std": {
                    "accuracy": 0.0050000000000000044,
                    "kappa": 0.0055629580767453946,
                    "mcc": 0.004883205554409409,
                    "top3_acc": 0.012500000000000011,
                    "auroc": 0.0023691782615576917,
                    "logloss": 0.013083337116138294
                }
            },
            "depolarizing": {
                "mean": {
                    "accuracy": 0.3925,
                    "kappa": 0.3221896384172146,
                    "mcc": 0.3467016576418304,
                    "top3_acc": 0.665,
                    "auroc": 0.7717703345766347,
                    "logloss": 1.9149451206442727
                },
                "std": {
                    "accuracy": 0.0625,
                    "kappa": 0.07050035489680362,
                    "mcc": 0.07932020263859502,
                    "top3_acc": 0.04999999999999999,
                    "auroc": 0.03825463017522829,
                    "logloss": 0.29302671463224705
                }
            },
            "amplitude_damping": {
                "mean": {
                    "accuracy": 0.395,
                    "kappa": 0.3267679296722862,
                    "mcc": 0.3952218668519332,
                    "top3_acc": 0.58,
                    "auroc": 0.7469251433687568,
                    "logloss": 2.0354408980629493
                },
                "std": {
                    "accuracy": 0.0,
                    "kappa": 0.0,
                    "mcc": 0.0,
                    "top3_acc": 0.0,
                    "auroc": 0.0,
                    "logloss": 0.0
                }
            },
            "random_x": {
                "mean": {
                    "accuracy": 0.4125,
                    "kappa": 0.3450880317955463,
                    "mcc": 0.370470574962677,
                    "top3_acc": 0.6675,
                    "auroc": 0.7924077943050638,
                    "logloss": 1.7516008272931318
                },
                "std": {
                    "accuracy": 0.0325,
                    "kappa": 0.03697509797119641,
                    "mcc": 0.041789758520320075,
                    "top3_acc": 0.03249999999999997,
                    "auroc": 0.0363231102170567,
                    "logloss": 0.2628516058108603
                }
            }
        }
    },
    "zne": {}
}