{
    "clean": {
        "mean": {
            "accuracy": 0.7525,
            "kappa": 0.7248993821841642,
            "mcc": 0.7308644453576452,
            "top3_acc": 0.88,
            "auroc": 0.957677074510545,
            "logloss": 0.9015802495262584
        },
        "std": {
            "accuracy": 0.03250000000000003,
            "kappa": 0.036019135510645506,
            "mcc": 0.0327975863966658,
            "top3_acc": 0.020000000000000018,
            "auroc": 0.003189054668797542,
            "logloss": 0.06522349385991993
        }
    },
    "depolarizing": {
        "mean": {
            "accuracy": 0.7375,
            "kappa": 0.708230718554629,
            "mcc": 0.7143092168641738,
            "top3_acc": 0.8674999999999999,
            "auroc": 0.9471031670470567,
            "logloss": 0.9703060679165252
        },
        "std": {
            "accuracy": 0.007500000000000007,
            "kappa": 0.008239052119450196,
            "mcc": 0.009130963095585642,
            "top3_acc": 0.0025000000000000022,
            "auroc": 0.0018992771485930038,
            "logloss": 0.0010404532018161716
        }
    },
    "amplitude_damping": {
        "mean": {
            "accuracy": 0.735,
            "kappa": 0.7051132253936461,
            "mcc": 0.7123890528823138,
            "top3_acc": 0.895,
            "auroc": 0.9625396224416557,
            "logloss": 1.1719826272720764
        },
        "std": {
            "accuracy": 0.0,
            "kappa": 0.0,
            "mcc": 0.0,
            "top3_acc": 0.0,
            "auroc": 0.0,
            "logloss": 0.0
        }
    },
    "random_x": {
        "mean": {
            "accuracy": 0.7025,
            "kappa": 0.6692737629056085,
            "mcc": 0.6731326658660941,
            "top3_acc": 0.8725,
            "auroc": 0.9411055616036574,
            "logloss": 1.0105722595371427
        },
        "std": {
            "accuracy": 0.07750000000000001,
            "kappa": 0.08600988559272299,
            "mcc": 0.08459994789699848,
            "top3_acc": 0.03250000000000003,
            "auroc": 0.018593582675738407,
            "logloss": 0.14399034281523976
        }
    }
}