{
    "clean": {
        "mean": {
            "accuracy": 0.685,
            "kappa": 0.649774069419294,
            "mcc": 0.6613289589278765,
            "top3_acc": 0.9025000000000001,
            "auroc": 0.9500344740692113,
            "logloss": 0.9121971873745367
        },
        "std": {
            "accuracy": 0.009999999999999953,
            "kappa": 0.011186357437086625,
            "mcc": 0.014691314211628725,
            "top3_acc": 0.007500000000000007,
            "auroc": 0.00228424859551718,
            "logloss": 0.004565392298702731
        }
    },
    "depolarizing": {
        "mean": {
            "accuracy": 0.6725000000000001,
            "kappa": 0.6355746730390703,
            "mcc": 0.6436318711118459,
            "top3_acc": 0.8775,
            "auroc": 0.9403436292399168,
            "logloss": 0.982276499258423
        },
        "std": {
            "accuracy": 0.0025000000000000022,
            "kappa": 0.002771735462570979,
            "mcc": 0.001796796202411577,
            "top3_acc": 0.017500000000000016,
            "auroc": 0.007191715288806633,
            "logloss": 0.041130776733121543
        }
    },
    "amplitude_damping": {
        "mean": {
            "accuracy": 0.475,
            "kappa": 0.4190228517678304,
            "mcc": 0.4625217682402426,
            "top3_acc": 0.86,
            "auroc": 0.9352563184836669,
            "logloss": 1.303868416740045
        },
        "std": {
            "accuracy": 0.0,
            "kappa": 0.0,
            "mcc": 0.0,
            "top3_acc": 0.0,
            "auroc": 0.0,
            "logloss": 0.0
        }
    },
    "random_x": {
        "mean": {
            "accuracy": 0.6924999999999999,
            "kappa": 0.6581861248075735,
            "mcc": 0.6725069617836041,
            "top3_acc": 0.9175,
            "auroc": 0.9504896703114237,
            "logloss": 0.9173711283378387
        },
        "std": {
            "accuracy": 0.0025000000000000022,
            "kappa": 0.0027837237404325643,
            "mcc": 0.0023660650788246973,
            "top3_acc": 0.007500000000000007,
            "auroc": 0.00011275536044619283,
            "logloss": 0.003223077060968582
        }
    }
}