{
    "clean": {
        "mean": {
            "accuracy": 0.7575000000000001,
            "kappa": 0.7307276490907135,
            "mcc": 0.7328647386144042,
            "top3_acc": 0.895,
            "auroc": 0.9584803175988995,
            "logloss": 0.8340150549775354
        },
        "std": {
            "accuracy": 0.012500000000000011,
            "kappa": 0.013950840071998594,
            "mcc": 0.014991571735421982,
            "top3_acc": 0.0050000000000000044,
            "auroc": 0.005226795888585101,
            "logloss": 0.03271624927501676
        }
    },
    "depolarizing": {
        "mean": {
            "accuracy": 0.76,
            "kappa": 0.7333189770993069,
            "mcc": 0.7348714424003127,
            "top3_acc": 0.9125000000000001,
            "auroc": 0.9525518039990906,
            "logloss": 0.8439139585111681
        },
        "std": {
            "accuracy": 0.03500000000000003,
            "kappa": 0.03868791830190532,
            "mcc": 0.03818951006863147,
            "top3_acc": 0.017500000000000016,
            "auroc": 0.012179198072123532,
            "logloss": 0.09769407634947269
        }
    },
    "amplitude_damping": {
        "mean": {
            "accuracy": 0.775,
            "kappa": 0.7492966377893534,
            "mcc": 0.7550522556426984,
            "top3_acc": 0.885,
            "auroc": 0.9642693684456972,
            "logloss": 0.8174387096790047
        },
        "std": {
            "accuracy": 0.0,
            "kappa": 0.0,
            "mcc": 0.0,
            "top3_acc": 0.0,
            "auroc": 0.0,
            "logloss": 0.0
        }
    },
    "random_x": {
        "mean": {
            "accuracy": 0.78,
            "kappa": 0.7554027594417433,
            "mcc": 0.7563784803318655,
            "top3_acc": 0.9175,
            "auroc": 0.9616177509121628,
            "logloss": 0.786013782827168
        },
        "std": {
            "accuracy": 0.0050000000000000044,
            "kappa": 0.005555630640809439,
            "mcc": 0.005215132594058702,
            "top3_acc": 0.0025000000000000022,
            "auroc": 0.002615910823366152,
            "logloss": 0.014840691190515287
        }
    }
}