{
    "clean": {
        "mean": {
            "accuracy": 0.335,
            "kappa": 0.2531446540880503,
            "mcc": 0.27607770450213914,
            "top3_acc": 0.765,
            "auroc": 0.8032373520495579,
            "logloss": 1.8791122507595432
        },
        "std": {
            "accuracy": 0.0,
            "kappa": 0.0,
            "mcc": 0.0,
            "top3_acc": 0.0,
            "auroc": 0.0,
            "logloss": 0.0
        }
    },
    "depolarizing": {
        "mean": {
            "accuracy": 0.455,
            "kappa": 0.39221527902911424,
            "mcc": 0.40733217037461933,
            "top3_acc": 0.79,
            "auroc": 0.8946708190656014,
            "logloss": 1.4727694065186645
        },
        "std": {
            "accuracy": 0.010000000000000009,
            "kappa": 0.011185891865784003,
            "mcc": 0.01186062846001229,
            "top3_acc": 0.0050000000000000044,
            "auroc": 0.0021868338846236512,
            "logloss": 0.007467738095410015
        }
    },
    "amplitude_damping": {
        "mean": {
            "accuracy": 0.335,
            "kappa": 0.2531446540880503,
            "mcc": 0.27607770450213914,
            "top3_acc": 0.765,
            "auroc": 0.8032373520495579,
            "logloss": 1.8791122507595432
        },
        "std": {
            "accuracy": 0.0,
            "kappa": 0.0,
            "mcc": 0.0,
            "top3_acc": 0.0,
            "auroc": 0.0,
            "logloss": 0.0
        }
    },
    "random_x": {
        "mean": {
            "accuracy": 0.35,
            "kappa": 0.275097612422667,
            "mcc": 0.28663444557208295,
            "top3_acc": 0.675,
            "auroc": 0.7391341162474818,
            "logloss": 2.3159003357276564
        },
        "std": {
            "accuracy": 0.01999999999999999,
            "kappa": 0.021698905045800465,
            "mcc": 0.024834677971498603,
            "top3_acc": 0.010000000000000009,
            "auroc": 0.011306209962829328,
            "logloss": 0.01564264792489989
        }
    }
}