{
    "clean": {
        "mean": {
            "accuracy": 0.665,
            "kappa": 0.6274776903616803,
            "mcc": 0.6480922063705339,
            "top3_acc": 0.9,
            "auroc": 0.9517647571823449,
            "logloss": 1.0898421296612713
        },
        "std": {
            "accuracy": 0.0,
            "kappa": 0.0,
            "mcc": 0.0,
            "top3_acc": 0.0,
            "auroc": 0.0,
            "logloss": 0.0
        }
    },
    "depolarizing": {
        "mean": {
            "accuracy": 0.4575,
            "kappa": 0.39957496114425983,
            "mcc": 0.4402856093764131,
            "top3_acc": 0.675,
            "auroc": 0.9096060086139302,
            "logloss": 1.5273121552518512
        },
        "std": {
            "accuracy": 0.017499999999999988,
            "kappa": 0.019335357348227444,
            "mcc": 0.02364365915224581,
            "top3_acc": 0.019999999999999962,
            "auroc": 0.01454466889309225,
            "logloss": 0.07026436889582277
        }
    },
    "amplitude_damping": {
        "mean": {
            "accuracy": 0.665,
            "kappa": 0.6274776903616803,
            "mcc": 0.6480922063705339,
            "top3_acc": 0.9,
            "auroc": 0.9517647571823449,
            "logloss": 1.0898421296612713
        },
        "std": {
            "accuracy": 0.0,
            "kappa": 0.0,
            "mcc": 0.0,
            "top3_acc": 0.0,
            "auroc": 0.0,
            "logloss": 0.0
        }
    },
    "random_x": {
        "mean": {
            "accuracy": 0.49,
            "kappa": 0.43500307689165824,
            "mcc": 0.46836376675648944,
            "top3_acc": 0.735,
            "auroc": 0.9149125630327325,
            "logloss": 1.4709196689822568
        },
        "std": {
            "accuracy": 0.010000000000000009,
            "kappa": 0.011164402062706025,
            "mcc": 0.015136648615429793,
            "top3_acc": 0.04500000000000004,
            "auroc": 0.017965657141309155,
            "logloss": 0.08329279446972015
        }
    }
}